ego_x,ego_y,ego_heading,lead_x,lead_y,lead_heading
7.667377874202227,-45.07025225832507,-3.0627507423309472,-4.608895974757962,-45.34450075115739,3.0742082986558024
5.409778365549118,-44.86332271167776,-2.9978780809331287,-4.395214424437425,-45.527168669575,3.1275408874718944
7.789881074606174,-44.403840123144626,-3.025503955094093,-4.528191969670973,-45.49972203788282,3.1333498193234335
5.412875324361129,-46.18115200722384,3.1114610953335378,-4.480769416109436,-45.12365759044342,3.0226343115030097
