sample_ind,rho,sim_steps
48,2.2778371178805994,1723
49,3.764620928373837,1749
50,1.884042456404993,1728
51,1.997095494520483,1737
52,-0.020347921983661976,279
