sample_ind,rho,sim_steps
284,3.744238762007411,1753
285,2.7166627655027176,1737
286,3.7390242196480923,1740
287,2.214979584328347,1741
288,-0.06852732160254327,1553
