ego_x,ego_y,ego_heading,lead_x,lead_y,lead_heading
6.0861449356501485,-44.10090509903041,-2.941427600098103,-4.521733077599837,-45.62930817700861,3.1248749069567716
5.411822389594843,-43.92922211650165,-2.955831557681654,-3.8010277275671696,-45.36135463688053,-3.12658595812002
5.417487948665057,-44.40112601684071,-3.000174696687182,-4.32422920360111,-45.351070174326196,-3.1314839318738503
7.03681458004524,-43.191586215289576,-2.959674951072713,-4.520523218437716,-45.49667687079084,-3.1349921564520895
