sample_ind,rho,sim_steps
281,3.1292117495381717,940
282,2.508105921775667,957
283,-0.012860074350715678,341
