sample_ind,rho,sim_steps
172,1.8789251871877966,1097
173,0.8104421730412579,1088
174,1.2987176253281136,1097
175,3.7595147103288724,1087
176,1.1611697033262622,1089
