ego_x,ego_y,ego_heading,lead_x,lead_y,lead_heading
101.8186095234883,-16.392227355151967,1.4212128337563144,104.88700150881554,-4.4878030978105565,1.4517367515008797
7.346556811011751,-46.445970831074405,-2.9243000048168803,-4.519850929496748,-45.657509409766384,3.1173985340702712
44.718575260276644,-8.165660187466033,1.5691272617202128,44.87224480813964,4.606376165611991,1.6048085788219273
