ego_x,ego_y,ego_heading,lead_x,lead_y,lead_heading
-66.41379276849692,-105.25556290165883,-0.17924411759026773,-57.59946020618124,-105.57929060530667,-0.007063499015484826
