sample_ind,rho,sim_steps
49,2.657382020291653,1221
50,-0.021756904754367312,460
