sample_ind,rho,sim_steps
178,2.2489948070731938,677
179,3.8892705761910253,678
180,-0.07936666966395833,567
