sample_ind,rho,sim_steps
69,2.9778027693688465,1733
70,4.53196315179806,1761
71,-0.10498696842571498,1510
