ego_x,ego_y,ego_heading,lead_x,lead_y,lead_heading
7.42654989293948,-46.088959544380806,-2.9927945268909473,-4.555272171894284,-45.104497123128404,3.017106170858681
5.7483183782953375,-44.83699044965217,-2.947528618242554,-4.537209053767251,-45.66315447092143,3.1130730841694385
