ego_x,ego_y,ego_heading,lead_x,lead_y,lead_heading
7.118697826954,-44.46260122493871,-3.110100969489418,-4.570250396132117,-45.35968736679889,3.117726417275
5.498865301939219,-44.48894920453309,-2.944589326933168,-4.078458117065703,-45.63367151891356,3.1349420064998057
6.640358331325207,-44.10534010632343,-2.960361193366371,-4.580073643862063,-45.50294322983742,3.1291809099540515
5.435146167399814,-43.96125522325284,-2.954809724832055,-4.297028115231439,-45.62823875333258,3.1329664298795143
6.431616364759984,-43.51750222840976,-3.063684169430037,-4.587395763644331,-45.63861556895444,3.121025868974019
