sample_ind,rho,sim_steps
63,2.6438526576634036,666
64,4.445001443615988,684
65,2.8511841811244647,674
66,4.56371243944689,680
67,2.6438410025507633,677
68,-0.008554573655743525,442
