ego_x,ego_y,ego_heading,lead_x,lead_y,lead_heading
41.45607074471929,-78.42374539153046,1.2719230188059256,44.243571331781915,-69.19962853842799,1.3702396192631143
41.29890332561151,-78.48620316449933,1.262291221543921,43.95302825228143,-70.56055425708382,1.3493408593554825
41.595553915802284,-78.40233802395774,1.2219333914966173,44.35975849277509,-68.4017432988782,1.383348382169067
41.58271222586633,-78.46806101390216,1.226614963467965,44.16569840574451,-69.52877306540157,1.3662968634007155
41.04782087322956,-79.73703506812217,1.1682820298979488,44.38036700945159,-68.40457964234923,1.3837731648890845
