ego_x,ego_y,ego_heading,lead_x,lead_y,lead_heading
40.73233239917778,-79.52811367697873,1.323456269785571,44.409202150209076,-68.43699373004266,1.3814141153863952
41.69547579448558,-78.43035839943414,1.2424717641808867,43.73781796280241,-71.53373570374359,1.3335499725096365
40.744190308681794,-80.02780768492352,1.2823843375667687,44.408572454450585,-68.44727864292646,1.3813226266430378
41.5768887355446,-78.40230406843112,1.2114341559872337,44.403044348017886,-68.49409075305584,1.3811375837159698
41.19341228621675,-79.31983463102173,1.2457453499092925,44.41609339346966,-68.41116882858961,1.3824450483972628
