ego_x,ego_y,ego_heading,lead_x,lead_y,lead_heading
44.891960267317415,-5.405337239559426,1.565775472583549,44.903861148483415,3.3697909965785424,1.5941838971570454
44.92069434159543,-5.907579671305717,1.5676379931920434,44.88059264860121,4.571757373722425,1.6070824420634486
