sample_ind,rho,sim_steps
74,2.049704452135611,1203
75,3.9768379359026618,1229
76,4.271099773555939,1210
77,-0.11025824248778537,266
