ego_x,ego_y,ego_heading,lead_x,lead_y,lead_heading
-68.92636979283354,-104.27265644790297,-0.2541223298855762,-56.43038731519242,-105.54409756853455,-0.0011339823770868149
-67.3650289058969,-104.88190247774865,-0.24097366257145308,-56.42958895335028,-105.63897067286214,0.024106838875503377
-67.05827514751864,-104.41301393660443,-0.1816175034165724,-56.414964703658846,-105.47562469172048,-0.010619579778063997
