sample_ind,rho,sim_steps
17,2.8416044249122905,2961
18,3.2041419655734593,2927
19,3.9734422937268974,3200
20,-0.01968623332110031,471
