ego_x,ego_y,ego_heading,lead_x,lead_y,lead_heading
44.68598722808039,-7.618677331353476,1.5697926401261912,44.86597307930451,4.538385967555168,1.6046008085695802
6.814884838215795,-45.26194292065758,-2.9509132174284143,-4.566931016495367,-45.677657273156456,3.110518534292751
102.57442115371315,-15.186315283360445,1.3473963926462236,104.87454252876451,-4.416278089639822,1.4578691179454202
