sample_ind,rho,sim_steps
6,2.2788650452945163,677
7,-0.023372929609614346,609
