sample_ind,rho,sim_steps
13,3.5765364905814074,1198
14,2.854625738204456,1200
15,4.39297215828203,1199
16,-0.0908080505846316,278
