sample_ind,rho,sim_steps
1,3.2105271638195507,1103
2,4.010663784079702,1113
3,0.6743820109534973,1088
4,2.504328204212957,1101
5,4.217923177339349,1090
