sample_ind,rho,sim_steps
15,3.340085938312713,1763
16,4.518564883524363,1754
17,-0.04452607586862456,1648
