ego_x,ego_y,ego_heading,lead_x,lead_y,lead_heading
41.61933702083364,-78.44986086986823,1.2077649877234948,44.045147388645496,-70.32708211267658,1.349876266411087
41.49309913422528,-78.46818919033213,1.2149320872157745,43.86926176508157,-70.82412088896592,1.3470528828534254
41.00724853940056,-79.0186137443522,1.3040799151219011,44.40114244417154,-68.45005155767477,1.3813649616883519
41.59648343804942,-78.42179946213001,1.2182984751371302,43.92921951175241,-70.7206069577434,1.3449063256753224
41.313565277729836,-79.23960743325352,1.164478479982098,44.35747039308843,-68.43158309457097,1.3835280367109606
