sample_ind,rho,sim_steps
6,2.9129756533893207,944
7,2.546907724642483,948
8,2.633916856890342,950
9,2.9041156913462967,943
10,2.6535750867951178,950
