sample_ind,rho,sim_steps
11,3.895147034496082,679
12,3.4446413697794274,681
13,3.335118590485081,681
14,-0.03357688258630276,493
