ego_x,ego_y,ego_heading,lead_x,lead_y,lead_heading
44.827495397829956,-6.366281052978558,1.5578852277303556,44.872309607261776,4.563378249214301,1.607316182650034
44.8453369047294,-5.397693321771409,1.5593006197942552,44.90065056101712,3.4299996765229426,1.5927575800814957
8.00603053790726,-45.067858787444464,-3.0177202527987967,-4.58142819196997,-45.28245664278026,3.0775888576726516
