sample_ind,rho,sim_steps
178,3.0876744591178404,1764
179,3.0740932313356577,1720
180,3.53917702305381,1741
181,4.0128742257000845,1741
182,-0.02267904554357436,1495
