ego_x,ego_y,ego_heading,lead_x,lead_y,lead_heading
44.9385391372746,-5.411049078980493,1.5622485923826412,44.91197109185568,3.0839034203783364,1.59181077371025
5.444156820422318,-45.67328355867798,-3.1164641322956577,-4.1923905068638145,-44.76683442079179,3.070746988046654
5.42369549797497,-45.45632524235243,-3.122021244622621,-4.357107661605945,-45.00095868838432,2.9931426075256784
5.955171383403508,-45.51488279345173,-3.123918545893138,-4.521481365451595,-44.737172766899846,2.983345545863043
