sample_ind,rho,sim_steps
131,4.070248823720737,2953
132,2.9884684770368404,2960
133,1.9593618621475741,2909
134,-0.06150688314590447,2760
