sample_ind,rho,sim_steps
129,3.342501020522308,1201
130,-0.01644462208243258,510
