ego_x,ego_y,ego_heading,lead_x,lead_y,lead_heading
-67.84679647217276,-103.27778241204038,-0.17357428995334967,-56.43327030902367,-105.01777818465257,-0.048813914338398594
