sample_ind,rho,sim_steps
30,2.4590487388477307,2907
31,2.2155574989628057,2944
32,2.675814157417882,2944
33,3.886204678692984,3196
34,-0.030401511196998854,376
