ego_x,ego_y,ego_heading,lead_x,lead_y,lead_heading
7.704370349733596,-44.34909823529277,-3.097649046663605,-4.575458245704157,-44.71619979976414,3.094581302564434
44.66397372728894,-8.146209878524187,1.5732113786077275,44.867831377411285,4.569272199397017,1.603986550574814
43.66229683525737,-7.282354937690613,1.6399427076512882,44.86803537044762,4.587051296581239,1.6042509496657271
102.41030683316905,-15.179454605518384,1.3634153165250276,104.91912899846812,-4.391804451167906,1.4534164893675527
