ego_x,ego_y,ego_heading,lead_x,lead_y,lead_heading
41.41440803444574,-78.46534515907872,1.270708809029093,44.01144143480048,-70.34721054293875,1.3511930592284855
41.44100613569586,-78.83727588050185,1.2402329719552088,44.383820096788156,-68.39474079490243,1.384287613164448
41.320631435588695,-78.45690535734414,1.2498659993570145,43.9708166071723,-70.54943364361007,1.347158096807689
40.35938214807029,-80.13311267701646,1.2104855519307294,44.47011827666919,-68.41792013912993,1.3824788030362043
40.53619695643375,-80.44387713586852,1.2385123320913294,44.37395144316968,-68.43627347935956,1.383510850676716
