sample_ind,rho,sim_steps
79,3.134800675928984,1197
80,0.8563999947755878,1218
81,3.241236563262982,1210
82,-0.07206822861243811,745
