ego_x,ego_y,ego_heading,lead_x,lead_y,lead_heading
41.22820313979625,-79.29032894312104,1.237184105883129,44.45927948624305,-68.39495791578264,1.3813929536907261
41.19031098751735,-79.33888976737519,1.247386151256751,44.346149875781926,-68.42390723000874,1.3832547315186097
40.49707304916239,-80.460430307034,1.2383616743512258,44.356923462236225,-68.46378845499785,1.383379778522769
41.46679704561904,-78.42134852929603,1.231400719382568,44.15458420875828,-69.62177579809396,1.3638787542912447
40.53724192627603,-80.41758632996128,1.2373346183223741,44.410487135306106,-68.42492056286588,1.3819639656387912
