sample_ind,rho,sim_steps
28,3.982710549349644,1729
29,-0.10720111754210038,1494
