ego_x,ego_y,ego_heading,lead_x,lead_y,lead_heading
44.87745339101558,-5.488565216259223,1.566354919985636,44.91365579137712,3.6497217690610504,1.5975160052331705
44.69997830921775,-5.660185040150655,1.5646057731774998,44.881171693975325,4.5010095216163215,1.600616455871735
44.63429498341311,-8.14825549663253,1.5733519212853344,44.87558887932272,4.57099974815648,1.598365897747779
44.740645205168825,-8.111148829789702,1.5879008535649541,44.876607725870365,4.521137825297367,1.6015305701409073
