sample_ind,rho,sim_steps
120,2.3886780238239265,1752
121,-0.10896761496772189,1542
