ego_x,ego_y,ego_heading,lead_x,lead_y,lead_heading
5.442258764673383,-44.23817033608813,-2.9129304276784973,-3.464127139270528,-45.515124965992186,-3.112277329954649
