ego_x,ego_y,ego_heading,lead_x,lead_y,lead_heading
6.507467823500544,-44.60801347761117,-2.9905288483719117,-4.509281372770443,-45.62409313026753,3.128967774446963
6.365767965626185,-44.41256184962346,-2.9724147613081033,-4.527805432653212,-45.57835233522269,3.1339204366420086
5.408511423015434,-44.994229985709936,-2.9880789886715036,-3.7193448224245103,-45.703200040479835,3.1051061811393
5.393334127784387,-44.195519274264605,-2.94007099431987,-3.4481288498240907,-45.45973188984669,-3.128632593570867
