sample_ind,rho,sim_steps
115,2.949784029282876,678
116,3.2156482584365005,677
117,4.087516089391816,683
118,3.7247849692015382,679
119,-0.09860660919958164,605
