sample_ind,rho,sim_steps
73,3.532996933942597,1093
74,4.051776539233385,1105
75,4.282912229671632,1107
76,4.223810211131751,1118
77,4.5434544926148845,1118
