sample_ind,rho,sim_steps
42,2.0896776987184946,1994
43,3.252069723877243,2013
44,3.962590072307526,1985
45,-0.0549681574739056,1567
