sample_ind,rho,sim_steps
40,3.9735790123812684,923
41,-0.02295357825958355,375
