sample_ind,rho,sim_steps
30,4.147768253203175,1094
31,4.04072503176403,1104
32,3.8285002195584337,1096
33,4.49306224494968,1092
34,2.784116322050745,1090
