ego_x,ego_y,ego_heading,lead_x,lead_y,lead_heading
102.6868320844148,-15.256028512865099,1.3908793756895754,104.79014949157992,-4.441726745440858,1.4583140009997972
