ego_x,ego_y,ego_heading,lead_x,lead_y,lead_heading
6.436672110243747,-45.30835848291689,-3.0827783910694704,-4.593694285474397,-45.18977379184363,3.0403611197369034
44.85170899888581,-5.42941742931404,1.5600929165037758,44.891948803220316,3.6851724847179392,1.5951983937732337
6.636711725031845,-44.05477278924192,-2.986942924661407,-4.5757680893963215,-45.372546811994376,3.1132838213236083
44.91443585238838,-7.206903726659316,1.51627291239413,44.8780674995454,4.568737313207327,1.6080623653128154
102.38523447791258,-16.491082348564447,1.2564507173080797,105.2495621853373,-4.406885309725953,1.4637246265006794
5.821413002160495,-44.4505586273992,-2.9905771263734326,-4.566174017965308,-45.37524830573323,3.1132508287181633
5.777656843008688,-45.34035469706948,-3.0719938579485837,-4.54483987769436,-45.30610865139619,3.076505250822554
