sample_ind,rho,sim_steps
111,2.0902916364704547,1217
112,2.238732313435987,1201
113,1.8176904631117834,1209
114,2.6855636565864867,1197
115,3.3697345088229067,1207
