ego_x,ego_y,ego_heading,lead_x,lead_y,lead_heading
40.5614571961412,-80.50434466060376,1.25532804161555,44.47159082947718,-68.42051295364298,1.3804808322300381
41.38253352577806,-78.4782319441831,1.258271336420625,44.22953932444317,-69.54303911779712,1.3627062760517168
41.74836544837981,-78.39861049509408,1.2065159346524363,44.384550112364415,-69.87030205435595,1.3485563614539204
41.272004281853924,-78.48983838499905,1.2533563056925032,44.15731205886793,-69.83045830217361,1.3582810584889782
41.431045814197624,-78.46518433391807,1.2773803983917793,44.376233076042986,-68.89744286936842,1.3731715076124995
