sample_ind,rho,sim_steps
116,2.4772134243031445,1210
117,2.8595215423031624,1197
118,3.6963825047803702,1225
119,3.864638375338375,1201
120,-0.10258299525447434,507
