ego_x,ego_y,ego_heading,lead_x,lead_y,lead_heading
103.13129446313992,-14.493488062640617,1.390560231553408,105.15211464991074,-4.497758642463053,1.4581587404727248
102.7184330157335,-14.446223932581308,1.3249368361098512,104.99404225175468,-4.663795667704866,1.4497828325221869
102.78046022373782,-14.477822677671014,1.3658746359751972,104.80395511600847,-4.655383487713617,1.456124904292302
102.24598430752665,-14.448250501441716,1.3607512012935181,105.10197850284494,-4.5796027810108955,1.4548231176640387
103.11846026398467,-14.425819929108375,1.319821731584056,104.76452215861539,-4.564399207631655,1.45749128007697
