ego_x,ego_y,ego_heading,lead_x,lead_y,lead_heading
45.62287678792744,-7.787540028401308,1.5686597914679588,44.8697963220463,4.553751413333519,1.6048408868926805
44.8740971502618,-6.927291137668789,1.5642701036664504,44.868085761420446,4.566799240648714,1.6051782766795752
