sample_ind,rho,sim_steps
220,2.4788848515409736,1754
221,3.505908049709765,1761
222,-0.008348692920998602,1606
