sample_ind,rho,sim_steps
51,3.45239782798439,670
52,2.488912499047794,676
53,-0.04633939171785251,482
