sample_ind,rho,sim_steps
46,4.680385439251319,1095
47,2.736879340933707,1103
48,4.69536033302634,1101
49,4.410901457299648,1099
50,1.7918221982156073,1090
