ego_x,ego_y,ego_heading,lead_x,lead_y,lead_heading
41.75414974279819,-78.39639866539633,1.2192323449897047,44.41503875280439,-68.42573598135951,1.3827716081555175
41.624466187492025,-78.41201536472697,1.2178765338767712,44.02846118550354,-70.2783189330463,1.3527233710585327
41.38659831808926,-78.47864178900265,1.2740325746805488,44.33563389003415,-68.81552789868003,1.3760101469144503
41.605956822903494,-78.43598300121086,1.2102995948353257,44.35785964016138,-68.90646332839958,1.372641884632729
40.47021008548238,-80.35695427773848,1.2221560574184367,44.354767623824095,-68.46418515605838,1.3829690084032866
