ego_x,ego_y,ego_heading,lead_x,lead_y,lead_heading
102.65185834684772,-16.070498064201608,1.3080456085689254,104.79711613351398,-4.432675893341904,1.4611174264183011
102.25619527859371,-16.532683814978036,1.431708157140631,104.77831769948405,-4.489703229563872,1.4590743016891459
102.28125187061235,-15.9689807577383,1.4307534931704704,104.64810959390613,-4.426641084924157,1.4663051752844825
102.31019404947217,-16.5272311303657,1.4169991493315341,104.74073806292114,-4.459161795760711,1.4617577018796528
102.79865992615328,-16.193776281117167,1.3108305283877695,104.77705843752562,-4.471106505929556,1.4599625124309714
