sample_ind,rho,sim_steps
148,3.311351526696164,1090
149,1.1690264856828794,1097
150,2.8466951198776407,1100
151,4.665284963057898,1124
152,3.617551072270812,1090
