sample_ind,rho,sim_steps
158,4.426863356998002,697
159,2.1925782901271313,709
160,-0.030917933939139886,601
