sample_ind,rho,sim_steps
153,3.166025391740515,921
154,2.6658654127438535,921
155,3.2161209317751247,919
156,2.632828316321202,920
157,3.111558246435427,920
