sample_ind,rho,sim_steps
1,2.7122735529837687,1105
2,1.9162535968776266,1098
3,3.881830450079482,1094
4,1.8746098001215827,1099
5,3.7702362864803547,1110
