ego_x,ego_y,ego_heading,lead_x,lead_y,lead_heading
5.972052773482192,-44.75309378516015,-2.9630338501561204,-4.540076364219733,-45.66861148475454,3.114126270796999
5.475474562268946,-45.18200121122869,-2.9740083358522567,-2.9883031423904916,-45.64531411976524,3.120869621399004
5.421825894721871,-44.55746667950378,-2.9549060280575508,-2.846732384306763,-45.60872587863454,-3.117691551897541
