sample_ind,rho,sim_steps
93,4.582001436422775,1103
94,2.3254681959885115,1094
95,4.185438519190491,1109
96,0.9229069267474745,1088
97,1.532442321155549,1101
