ego_x,ego_y,ego_heading,lead_x,lead_y,lead_heading
7.901419120971346,-47.583617231389795,-3.089274219347348,-4.5164926954726,-45.16425826276052,3.003920997437283
5.968569876434703,-45.217780721111204,-3.084226204791775,-4.524892206850483,-44.706091638212584,3.0179190731670134
5.439517370340872,-44.293349953761386,-2.906993981007546,-3.1311683854755907,-45.62633156754342,-3.1137403055973505
7.716286047577912,-44.41451176521247,-3.0957261646256837,-4.522705889098996,-44.695482000001086,3.0524279344103706
8.054397368516089,-45.24170240540681,-2.9953146759923226,-4.548210931877686,-45.42562090600002,3.1395936871880146
