ego_x,ego_y,ego_heading,lead_x,lead_y,lead_heading
5.493361733251572,-44.261247274511916,-2.9472215174063745,-4.007287797166063,-45.458509060484246,-3.1406162129905604
5.425644998587027,-44.68627716036503,-2.9894148006654593,-3.9929540140032023,-45.599639473835126,3.1259192056014746
