sample_ind,rho,sim_steps
132,4.393473342288841,679
133,4.401601698926381,681
134,-0.05782950587157476,461
