sample_ind,rho,sim_steps
102,3.7595748305399166,1209
103,1.1507707836844183,1209
104,4.572779802978083,1206
105,-0.031565649187585976,517
