ego_x,ego_y,ego_heading,lead_x,lead_y,lead_heading
44.713009296575606,-8.156387610634644,1.5699980385542842,44.868354470411596,4.59535613047237,1.6035814185434498
44.74608437156404,-7.560326116469945,1.5521061026044147,44.89562356869886,4.539225269374408,1.6069514488124894
44.637795905425826,-7.504983895054819,1.5599917795831768,44.898250976255106,4.582776415354092,1.6034204458034749
44.91909984119278,-5.46305292913766,1.5730617439472065,44.876303511108574,4.40134580749581,1.6037838185482713
44.6674709269579,-5.445149136972617,1.606146333551812,44.91165235459484,3.517828359902361,1.5955308687865424
44.67377726122586,-5.442910294468418,1.5304214599069796,44.96764540376333,3.964359719944997,1.5963210057908912
44.81827113027749,-5.454100155351976,1.5671797748203715,44.91620030384812,2.6878988625784412,1.5867793087452278
44.712645296952836,-8.195264011998235,1.5849891675671366,44.87169127574444,4.559417166164019,1.6054656127232032
44.615329269735,-8.17910445775342,1.5646808923789286,44.87310380366743,4.60143481077373,1.6017162126502458
