sample_ind,rho,sim_steps
82,3.607307019490875,678
83,3.574309251359537,674
84,-0.0024715291694317187,577
