ego_x,ego_y,ego_heading,lead_x,lead_y,lead_heading
5.667237387150372,-44.27733997354589,-2.943989895040362,-4.578044783208931,-45.62089968695715,3.1257995583706837
5.921535698600818,-44.68282046711487,-3.0037300285584667,-4.567789503702359,-45.507897958736365,3.128892203640108
