sample_ind,rho,sim_steps
16,2.960678017887762,948
17,2.881701716106603,943
18,3.6686392202731213,918
19,2.966455608861951,948
20,4.1979044461017985,923
