sample_ind,rho,sim_steps
6,2.9403465628711203,697
7,3.3907592838840515,703
8,3.3898951593467253,703
9,2.889081253578137,697
10,2.9196223305100215,697
