sample_ind,rho,sim_steps
234,2.4701070470849062,954
235,2.488759427036282,951
236,2.7649805486857453,942
237,3.023143594979274,947
238,2.77340935652206,943
