ego_x,ego_y,ego_heading,lead_x,lead_y,lead_heading
40.656931600843684,-79.5854149559437,1.2955297517559423,44.4025226756003,-68.46472599268323,1.3808358662842812
41.52476120359251,-78.49933840974602,1.2242651505593127,43.829753665808454,-70.98589500718566,1.3454724646977416
40.922890361534705,-79.01960210923002,1.3558442003583788,44.38498073020243,-68.42274461643343,1.3840307527055429
41.63885095141222,-78.47787141623988,1.2077291826894818,44.03607660314615,-70.359083214532,1.3489075358569211
41.29433207086687,-78.49540640193916,1.2661734720094993,43.977244137701554,-70.57726153215395,1.3474031791456156
