ego_x,ego_y,ego_heading,lead_x,lead_y,lead_heading
5.456139635118503,-45.19095047483481,-3.0810087496912053,-3.5384252545018855,-45.07462194429679,3.0243155182130383
6.696964806554756,-44.3645845783605,-2.959278488801693,-4.548095575034325,-45.61384303354168,3.12065038326732
