sample_ind,rho,sim_steps
36,3.137192237947893,3195
37,-0.09084735178580328,271
