ego_x,ego_y,ego_heading,lead_x,lead_y,lead_heading
102.8160490000115,-16.093646023792907,1.236189529839177,105.27935730875929,-4.4943286971000465,1.4636689652613426
