sample_ind,rho,sim_steps
25,3.0072282738526184,2943
26,3.2110916116517476,2926
27,3.3166310858245502,2967
28,-0.04374575573791972,463
