ego_x,ego_y,ego_heading,lead_x,lead_y,lead_heading
7.377443626849014,-44.16872051677696,-3.0078312062932735,-4.518806424455863,-45.35355800056096,3.138070901324375
6.554161985590404,-44.680159759953035,-2.9690045041198414,-4.5653753698403,-45.68265326759209,3.118261918399093
44.77129296147342,-7.099431028769276,1.558436976445738,44.89276851883008,4.5087125990466,1.6036966641882564
