sample_ind,rho,sim_steps
21,4.386865527516486,1225
22,1.8268657842666656,1210
23,4.587464261525305,1216
24,-0.07912443764205168,562
