ego_x,ego_y,ego_heading,lead_x,lead_y,lead_heading
44.09437639003538,-6.165476372557336,1.5404779694946977,45.10173117145533,4.595540723440376,1.6019457403393975
44.86808286150397,-5.423260013360815,1.581125788123011,44.88253521756664,4.604475014223583,1.603257949243045
44.94190572575055,-5.403339130735161,1.58776100659113,44.886073885706374,4.598076487291892,1.6032083142356146
44.67717368795248,-5.440250093944122,1.6437103108769147,44.81305400798554,4.196631077969255,1.5963801850780521
44.12324783077516,-5.39022590694656,1.4857514702264834,44.9229809514859,4.283739146155624,1.5856163345951106
