sample_ind,rho,sim_steps
81,2.488974334724043,1107
82,4.144861060310259,1097
83,2.2370197067431468,1096
84,1.6693058164734698,1090
85,2.2149158539170237,1096
