ego_x,ego_y,ego_heading,lead_x,lead_y,lead_heading
102.47977608378514,-14.602996385686119,1.2855551402821401,105.2072849777759,-4.412570698820333,1.460726948316109
103.02106285778272,-14.526106053372516,1.302347793358544,104.93167393085245,-4.392598767713392,1.4543797561612195
