sample_ind,rho,sim_steps
57,1.8490998281244684,1207
58,-0.05156377958623626,277
