sample_ind,rho,sim_steps
52,4.5978730243037305,1221
53,3.225093786923825,1196
54,4.512581474288195,1208
55,2.2210434496198985,1202
56,3.7298140868823353,1215
