ego_x,ego_y,ego_heading,lead_x,lead_y,lead_heading
-66.40169758228782,-104.84574378651547,-0.17932171179397105,-58.553418907977616,-105.40264677367657,-0.038310068573889244
