sample_ind,rho,sim_steps
79,4.4553632236959455,1758
80,4.671199894630011,1766
81,1.8548637506940526,1991
82,4.261479972685704,1728
83,3.963290890911729,1777
84,2.2980699215749114,2011
85,3.3735058956348603,1732
86,3.0273846059998295,2005
87,3.0670244827900994,2009
88,1.7237875564791807,1762
89,2.095839600318973,1717
90,3.445977369434411,2001
91,3.737129528804589,1995
92,-0.03136659763321603,1491
