ego_x,ego_y,ego_heading,lead_x,lead_y,lead_heading
5.482234490331732,-44.48273884944632,-2.9174482980216023,-4.390836368358665,-45.619432130589956,3.1260675713758417
44.87777678985506,-5.4651067360756915,1.5675179345588974,44.87632841988778,4.398931865211801,1.6011771298710389
