sample_ind,rho,sim_steps
3,4.067461858230116,2938
4,3.614630753647214,2966
5,-0.004453157293275112,2764
