sample_ind,rho,sim_steps
1,2.5082713642704704,1222
2,-0.03390720625356014,398
