ego_x,ego_y,ego_heading,lead_x,lead_y,lead_heading
-66.40350043981584,-105.22562669449952,-0.1846796931877291,-57.81528416771108,-105.54402227317098,-0.016663783898088882
