ego_x,ego_y,ego_heading,lead_x,lead_y,lead_heading
5.62021346015659,-44.342980481852145,-3.0211405027888567,-4.542259525304318,-45.60726590525128,3.1269018149874293
5.4696369316223805,-44.35772321539669,-2.917901324994362,-4.018426243183599,-45.579984552589785,-3.1325343345401597
5.444950837199858,-45.56048214834867,-3.0579368193263696,-3.501763692392161,-45.43094441156992,3.0455201411065245
5.455550717384996,-43.912568220865175,-2.9450410236034967,-4.234494170222318,-45.633152328035614,3.138746871762062
6.990349931311973,-44.25071431909106,-2.9338849747934765,-4.5331734815085305,-45.64343645996725,3.123492077934745
5.425386504094442,-44.90172225994014,-3.039160653056377,-4.357340680950541,-45.37693165354784,3.1191218862698276
