ego_x,ego_y,ego_heading,lead_x,lead_y,lead_heading
44.90547601361704,-7.7102317727989815,1.5722655428825185,44.86934435657984,4.525414692851636,1.602636679153191
8.10253410734713,-44.70343680815942,-3.0431615849211378,-4.577088966545771,-44.73965911029167,3.0017916366421833
5.45357045730371,-45.03036675875704,-2.9406531130664346,-4.455326669880368,-45.736971474893394,3.1090402427078945
5.4569101083572304,-45.589466229034485,-3.1144893262342985,-3.976763982039806,-45.10012377158185,3.018869364884101
