sample_ind,rho,sim_steps
133,4.2838593285050415,1106
134,2.2563638934778867,1094
135,4.611166722778181,1120
136,3.9607742547466316,1107
137,3.1768961372522107,1091
