sample_ind,rho,sim_steps
119,2.2809310479588625,676
120,2.279416574766426,677
121,3.094643002141771,662
122,3.0834264744511657,678
123,4.199990951480192,680
