sample_ind,rho,sim_steps
87,2.7801202356593357,1209
88,2.686549755022993,1199
89,-0.04664126407772873,370
