ego_x,ego_y,ego_heading,lead_x,lead_y,lead_heading
6.105726575358012,-44.28474208907738,-2.9538147552421843,-4.528312613544292,-45.499221940735225,-3.136115776784916
