sample_ind,rho,sim_steps
23,3.881928786850624,702
24,4.8023843523023135,700
25,2.2784561972103408,697
26,2.366981677234598,696
27,-0.024305658021001264,596
