sample_ind,rho,sim_steps
18,3.0371417678771717,1100
19,2.6921225396147364,1091
20,4.574095113901016,1110
21,4.002147278092995,1088
22,3.4368723624788995,1091
