sample_ind,rho,sim_steps
119,3.627027174897595,1094
120,3.6317807582984045,1099
121,1.5779358894681152,1089
122,3.8763084123172984,1097
123,2.150762023524921,1100
