sample_ind,rho,sim_steps
129,2.243315912036831,683
130,3.2782554290797385,676
131,-0.02087483432139514,505
