sample_ind,rho,sim_steps
124,3.597425073262009,938
125,3.4928357994520667,934
126,3.131902142361623,922
127,2.238995642651979,919
128,3.336473202506074,919
