ego_x,ego_y,ego_heading,lead_x,lead_y,lead_heading
6.443825000427107,-43.69313874472361,-2.9817412050421392,-4.602474286625775,-45.68305761470584,3.119444153873214
6.347056570396142,-44.48889985024732,-2.9721454087832333,-4.504938882339988,-45.62474739343797,3.126949069701998
