ego_x,ego_y,ego_heading,lead_x,lead_y,lead_heading
101.94271301456571,-16.449423827983516,1.3234718831277126,105.12270616527718,-4.4473919987249175,1.4568141583360095
102.80063202934197,-14.46665274109153,1.3613639536159081,104.86331388149894,-4.543257271199453,1.4563518402522868
102.43803665487448,-15.188773691286045,1.3518020262160195,104.84687394613086,-4.434319628419077,1.4571846883674047
