ego_x,ego_y,ego_heading,lead_x,lead_y,lead_heading
41.391134924099944,-78.87358691067024,1.224625509556111,44.34469906769381,-68.43650280420574,1.382785251308654
41.22323623272156,-78.46049893072146,1.2581604005805807,44.23518172512433,-69.50027079734349,1.3626785045098204
40.90661674156947,-79.05423783218018,1.3585408953067266,44.42257795850371,-68.45044492278119,1.3820859955144824
41.37682568164148,-78.47490793783304,1.2831021778068152,44.4297979385741,-68.43115627719523,1.3815662243767552
41.343789669459795,-78.47318225905067,1.262550252138005,43.93151523314625,-70.78628350420334,1.3442075703429541
