ego_x,ego_y,ego_heading,lead_x,lead_y,lead_heading
7.048830476951862,-44.55034137841375,-2.987693262875933,-4.501129700310733,-45.60636566657404,3.132616160684453
5.421716021253432,-44.53605544816644,-2.979422331108135,-3.535473438648884,-45.41881604166137,-3.134252800093211
