sample_ind,rho,sim_steps
173,3.9644542567735215,1117
174,4.019112972655668,1088
175,4.078381406125308,1097
176,3.5438845450587966,1109
177,2.2368373658113594,1092
