sample_ind,rho,sim_steps
7,3.3688602658822084,2908
8,1.748203800260205,2971
9,2.560183789286267,3180
10,3.280414818791737,2956
11,3.677234777406758,2920
12,-0.08660227707394608,640
