ego_x,ego_y,ego_heading,lead_x,lead_y,lead_heading
7.043043840928136,-45.80783144624151,3.1399272788675656,-4.539558686874341,-44.746355964886725,2.9945077493122776
44.86517696986663,-5.401326720300872,1.5611982654095682,44.89306361271616,3.823325712972118,1.5965513259356072
101.84632622011613,-16.40988998982652,1.3701901565499697,105.20944207290715,-4.4582756508390435,1.461183785027482
44.90799762077096,-7.111094281795485,1.5697481508949558,44.87679027645776,4.523001053593059,1.6032127643065621
6.78729003594503,-45.046401814730885,-2.974727018133108,-4.51914953201695,-45.37633721628986,3.047689716058962
