ego_x,ego_y,ego_heading,lead_x,lead_y,lead_heading
6.410396594169742,-44.661633059335294,-3.0458662097379667,-4.563304930156459,-45.357125333445055,3.114728595208755
6.830642295100422,-45.06218918527447,-3.1384925694702694,-4.520095826670792,-44.7434405268756,3.014126191508789
5.455634413781214,-44.50517124365113,-2.960713143222525,-2.797260158539957,-45.52611391058735,-3.117128518037235
5.431357902530777,-45.32962928182125,-3.1403359347773576,-3.475756080101001,-45.00586723422705,3.019373289538997
6.361616518577251,-45.894536372155144,3.0222099673847636,-4.502171858488677,-44.646079712382026,3.0990637473561073
5.418808278135866,-45.6197110705522,3.0943113552092374,-3.614748940029253,-44.84721026527724,3.026639754368368
5.488176410928984,-45.75168185267594,-3.107453222328954,-3.4854140790435038,-44.98401171980945,3.0154173422223347
6.272974298523527,-45.7801260366869,3.0898956912972055,-4.556729868575611,-44.7335663850464,2.9934746226777675
