sample_ind,rho,sim_steps
1,2.634092068107287,1215
2,4.297002168346998,1200
3,4.591760457207879,1232
4,2.5639333174253656,1216
5,3.8206850228442644,1211
