ego_x,ego_y,ego_heading,lead_x,lead_y,lead_heading
40.60498881283959,-79.58566640091252,1.275332707896862,44.393754691884475,-68.44587862599556,1.3817872068564323
41.35325471564741,-78.47743324373002,1.2540903604242049,44.23739139342004,-69.52516184443546,1.361988457841128
40.540806963118406,-80.4914310029931,1.2581646189363922,44.40162736385128,-68.39212623888203,1.3839862068551285
41.552735629978,-78.44585865828617,1.2423028641617995,43.95982034920048,-70.30361706541105,1.356033342774178
41.488906734118615,-78.80921278379644,1.1960029735854232,44.368484232402714,-68.42281650799846,1.3838852314963255
