ego_x,ego_y,ego_heading,lead_x,lead_y,lead_heading
7.0625970128758535,-44.82619491692991,-2.9944694513836287,-4.507115492786648,-45.664098897791376,3.1131687638591234
