sample_ind,rho,sim_steps
72,3.5982531955430606,2924
73,-0.07805114788756207,427
