ego_x,ego_y,ego_heading,lead_x,lead_y,lead_heading
6.5084276189689065,-44.568859774283176,-2.9832947019361105,-4.607532841158096,-45.609069796056396,3.126392899895157
