sample_ind,rho,sim_steps
239,3.2654936469515228,679
240,3.0719671113780738,678
241,3.0697360258285826,677
242,2.8235135324755634,670
243,-0.031792273542555094,986
