sample_ind,rho,sim_steps
229,3.246078425788353,1089
230,1.8663000176216311,1097
231,3.8514446940816924,1112
232,3.0750411665039117,1095
233,2.250887492489272,1097
