ego_x,ego_y,ego_heading,lead_x,lead_y,lead_heading
6.416698925182981,-44.58140203298615,-2.9770795425323433,-4.558995934889955,-45.58799407912868,3.130159822138573
6.477202400021222,-44.20350372483922,-2.9988439130096576,-4.610003525906553,-45.66084642913232,3.1089677538901923
6.536097277544658,-43.607413113667555,-3.0678573959340643,-4.502734988257821,-45.66410365799602,3.1121485307583483
5.429830760891963,-45.69265399874998,-3.09080407277915,-3.0487493186860855,-45.10695856338276,3.048373184342371
