sample_ind,rho,sim_steps
226,3.5482106705352283,2025
227,3.357814984371263,2000
228,-0.06151615363496532,1672
