ego_x,ego_y,ego_heading,lead_x,lead_y,lead_heading
41.3137985159149,-78.41629543499297,1.2834999348539722,44.19302557843354,-69.69456807721683,1.3609575765921462
41.311117185836025,-78.41161666235224,1.2855000521456084,44.36954419884509,-68.72715234187903,1.3761949331229322
41.48496959963137,-78.80737750967958,1.2114788659461773,44.419722644813284,-68.40138960006512,1.381971209226902
41.37345176316056,-78.4096584440303,1.2939201982336561,44.137058552579646,-69.65344478836474,1.363907215498593
41.61108403334888,-78.48618437369335,1.2075473082939767,44.06120131236723,-70.1223769669212,1.3547834768630833
