ego_x,ego_y,ego_heading,lead_x,lead_y,lead_heading
102.4326512532363,-15.273234839810081,1.3811116431814103,104.83640775719324,-4.4492216613849855,1.4566865872325494
