sample_ind,rho,sim_steps
45,3.9044259141482733,3195
46,-0.08746657323822582,417
