sample_ind,rho,sim_steps
43,1.831996283326223,1199
44,-0.05970036182395333,626
