ego_x,ego_y,ego_heading,lead_x,lead_y,lead_heading
-68.48373376165279,-103.64041555591999,-0.242501257500172,-56.43656883765515,-105.54197841765547,-0.005753005440233523
