sample_ind,rho,sim_steps
38,4.481419362857265,1215
39,3.416990732964953,1220
40,3.983687746469876,1211
41,4.186509469693579,1227
42,2.412563921682909,1213
