ego_x,ego_y,ego_heading,lead_x,lead_y,lead_heading
44.67444669517426,-7.531597802539917,1.5646054729478085,44.87577182169367,4.526375046039827,1.6012707207226018
44.94327845405833,-5.401895252037525,1.5810157868021393,44.891695556074396,3.2202673604850216,1.5918771712258342
44.90281064337193,-5.408999694817629,1.568720876775783,44.92003243571245,3.2314990648543453,1.59459214216037
44.69803944505903,-7.570682578715864,1.5588710776136168,44.87651195707748,4.538921066527292,1.60223555277414
44.71292160619774,-7.547231185153981,1.5630299218527568,44.87767556145978,4.5320229628361846,1.601650304587707
