sample_ind,rho,sim_steps
211,4.130879802781857,703
212,3.468321544462121,697
213,3.941385754337798,697
214,3.4653908087009864,696
215,-0.022443003219919433,622
