ego_x,ego_y,ego_heading,lead_x,lead_y,lead_heading
41.26236865707259,-79.32134270739425,1.2287068058104333,44.40587987843461,-68.42572308196873,1.3829063537909736
41.55935744377344,-78.8007314590983,1.2047098141762627,44.48265526583757,-68.43501201781939,1.3810738610374396
41.05708534447285,-79.74677255012762,1.1669156492372252,44.40909554283513,-68.45526725005345,1.3817446975450107
41.26040055779206,-78.4652151615492,1.2631409422753088,44.17481951733961,-69.75241506190699,1.3600720153252277
41.12272361407844,-78.98727792934366,1.312185313581769,44.381749473241015,-68.40008769364368,1.3840591794060038
