ego_x,ego_y,ego_heading,lead_x,lead_y,lead_heading
5.455539765260359,-44.427586235368636,-2.9948818180698895,-3.638468037707811,-45.37899675205421,-3.1218585423026117
7.92633726584637,-43.495568846186096,-3.104338816365893,-4.532327000433393,-44.63433802416712,3.02632511756699
103.07756827430433,-15.142549125093234,1.2846264476230393,104.82897335464,-4.474083712007689,1.458804305168204
