sample_ind,rho,sim_steps
98,1.3484950218412655,2942
99,0.9165380318854197,2891
100,3.776586746973253,3184
101,-0.043943373102573347,2800
