sample_ind,rho,sim_steps
98,2.2183328189561724,697
99,2.771596256187575,703
100,4.7922338015435955,703
101,2.7742164133260845,703
102,2.2161069807679876,696
