ego_x,ego_y,ego_heading,lead_x,lead_y,lead_heading
41.25400934140723,-78.41075086197833,1.3066590396370281,44.27842943113311,-69.04734438752747,1.37294424547447
40.390577519072316,-80.22989973968716,1.195555145119442,44.34428422674132,-68.44020802030639,1.3828173783515754
41.05556607107414,-78.47270985937313,1.3774580333679298,44.27413485850668,-69.13050770909176,1.3703426994728252
40.49388951431663,-80.53545339283559,1.2599066659822173,44.39430050824444,-68.40294283842118,1.3828941387772473
41.534073612789825,-78.43703843468343,1.2132760967568093,43.86362534320137,-70.98517563222548,1.342026788937515
