sample_ind,rho,sim_steps
103,4.395332798098021,659
104,2.771402378208098,674
105,3.906184310804715,668
106,2.255958211460733,663
107,-0.07171531458690872,567
