sample_ind,rho,sim_steps
144,2.095834961186741,1090
145,4.000870761811807,1113
146,3.5442110228318064,1104
147,3.6816655958093367,1095
148,4.630916493037763,1116
