ego_x,ego_y,ego_heading,lead_x,lead_y,lead_heading
44.70058190375183,-5.470992194592856,1.5524172385086117,44.91445470384087,2.40914167037546,1.5837812578512205
102.43509569625952,-15.567451207473146,1.3011197380969353,105.21909368204601,-4.430591497903735,1.461894847867002
102.49588609228927,-14.751753846262188,1.328511666127171,104.86912452600848,-4.469005896535636,1.4564293052983297
44.42599829918602,-5.472861417608078,1.553591144725671,44.917541953209486,3.269969255568574,1.5925653238702182
6.384870442800708,-45.30029279977662,-2.965754638407813,-4.505985703331634,-45.549313615574505,3.126079044867621
44.280905848229644,-5.439634701218992,1.5728345556476007,44.90151951167168,3.5523509469738026,1.595935831630617
102.03933746592706,-16.418986956356907,1.4127486920368375,104.82861516580459,-4.489775968562016,1.4574872328966182
