sample_ind,rho,sim_steps
73,1.3892957951818738,1762
74,3.4811045921993884,2006
75,3.508734324055558,2004
76,2.68698242592062,1764
77,4.106297279508253,1726
78,2.6930407423971996,1769
79,2.265426981862902,1989
80,-0.05861537589809984,1487
