ego_x,ego_y,ego_heading,lead_x,lead_y,lead_heading
102.79147660190783,-15.445087757013923,1.381268093680222,104.80021812902328,-4.404982732028802,1.4610329102711366
102.75160019546335,-15.179422382284141,1.3603369671214407,104.61967995560833,-4.467438318658177,1.466083892503272
102.55219367417959,-15.768848495128593,1.388897797256623,104.77666587609366,-4.498393548809051,1.458409737467932
102.75320830406224,-15.54681958275007,1.3403829044408238,104.79028458378889,-4.488060672607062,1.4571260719351575
102.64850587450358,-15.837308673314208,1.4334322541200362,104.83504260743848,-4.4252394832977595,1.459312262638512
102.99430840515284,-14.441299716665077,1.3269796600869228,104.72229028292925,-4.592730840693951,1.4564632926074639
