sample_ind,rho,sim_steps
51,4.141668395520414,699
52,4.688470361653616,704
53,4.686702555408658,704
54,4.347280916657635,703
55,4.346683101833394,704
