ego_x,ego_y,ego_heading,lead_x,lead_y,lead_heading
40.503080119638575,-80.54697760665573,1.2484390495078082,44.35078259633504,-68.49935358183878,1.3823036412889473
41.1239549948964,-79.79418097506624,1.1813613784247785,44.454280710554315,-68.45112792941435,1.3813727704504855
40.523034893596574,-80.47618720656934,1.2507806150971763,44.36509383693178,-68.42535970389565,1.3828425389548584
41.56206799746079,-78.46225335435679,1.208842547263303,44.0614868130592,-70.1665213701803,1.3532051287518738
41.364340413676935,-78.39628576714013,1.2232625228697296,44.12668927684685,-69.62078689787852,1.3632922028011498
