sample_ind,rho,sim_steps
114,2.1872954645922498,1090
115,3.173230365340517,1089
116,2.2454997407277073,1096
117,3.276918580919764,1105
118,3.6598503497705615,1095
