sample_ind,rho,sim_steps
25,3.0907555541472203,1723
26,-0.0029640589520409932,1502
