ego_x,ego_y,ego_heading,lead_x,lead_y,lead_heading
7.338834878656214,-44.679676885674006,-2.995097210881997,-4.543630363239006,-45.34883076107896,3.0924383236530337
