ego_x,ego_y,ego_heading,lead_x,lead_y,lead_heading
44.900181643761194,-5.448859776116331,1.5646393642917213,44.89558596449208,4.245774133203499,1.6017802138202282
44.87200723057557,-5.458409323360417,1.5562990302826591,44.892523515693284,4.228084092493063,1.5999686734972864
45.45471648017713,-7.783342818930532,1.583066891995039,44.869057387562776,4.564945915071981,1.6012118735596481
