sample_ind,rho,sim_steps
21,4.376181181574681,703
22,4.374771955046752,703
23,2.6378306421949045,697
24,-0.07428166500463185,575
