ego_x,ego_y,ego_heading,lead_x,lead_y,lead_heading
44.49711786944943,-5.419994624739892,1.5215980003738816,44.975786506680784,3.94128580421492,1.5917512595193342
44.727389244971064,-8.17229755790492,1.564944514152623,44.88090695675418,4.544362683293462,1.601901561208379
44.88478467803428,-5.438342800702251,1.5672476153016917,44.91986287336045,3.322494424019675,1.5948173554379692
44.461215040063834,-8.131145164876392,1.5600097590020117,44.93972139883181,4.600754398517554,1.6024084658287165
44.809096461594834,-5.433592585023314,1.5622716565455492,44.91256079901192,3.6953829178111497,1.596291982892813
