ego_x,ego_y,ego_heading,lead_x,lead_y,lead_heading
103.3510435666711,-14.459122459531333,1.2629239186823569,105.14553515540547,-4.617714251716981,1.4552748597750769
