sample_ind,rho,sim_steps
109,2.8681876632671592,3208
110,-0.023122804312476042,2708
