sample_ind,rho,sim_steps
139,2.6645401468109515,1765
140,1.91352051887484,1704
141,4.364707388255836,1763
142,3.0284848905276043,1734
143,-0.10244913593393079,1555
