ego_x,ego_y,ego_heading,lead_x,lead_y,lead_heading
-67.02802057131817,-103.6271294744783,-0.14799098783791775,-56.419593613468116,-105.01278491473055,-0.0465157588822484
