sample_ind,rho,sim_steps
107,3.8199842735084317,1216
108,-0.10412321608328412,458
