sample_ind,rho,sim_steps
216,2.3272563419765557,1992
217,3.1074265158086547,1743
218,1.86266928979056,1750
219,-0.0002905336101743927,1404
