sample_ind,rho,sim_steps
206,3.653271061708484,1089
207,4.229957767409058,1107
208,3.209134722071518,1090
209,3.4670530041116123,1101
210,3.916497177990827,1097
