sample_ind,rho,sim_steps
245,4.362967710417335,1769
246,4.685379486867811,1750
247,1.7359622670302368,1767
248,4.281970362966426,1772
249,2.0438041425117603,1769
250,-0.08361125857826401,1629
