sample_ind,rho,sim_steps
233,2.2799417693509056,679
234,-0.10241082885182529,596
