ego_x,ego_y,ego_heading,lead_x,lead_y,lead_heading
6.844447334667567,-44.12607439214179,-2.962551432962411,-4.500523853963101,-45.61084686608157,-3.1377745094597076
