ego_x,ego_y,ego_heading,lead_x,lead_y,lead_heading
40.53819898171849,-80.39917059205277,1.2398786148533711,44.37774392217786,-68.39199351854622,1.3831217010300174
40.425988754099926,-80.33993183515229,1.24340962127559,44.333594464947176,-68.46969130245225,1.3835527035613817
41.466648136249795,-78.4342090086832,1.2411790866091543,43.77052010581245,-71.352025831458,1.3365235450541364
41.183067264281874,-78.45943074975632,1.2763777514049677,44.13420202602638,-69.78537210118515,1.3601099554916682
40.53786283724795,-80.39452293338798,1.2428011827725476,44.45830384065585,-68.39842687269237,1.3816881849297598
