sample_ind,rho,sim_steps
220,3.802464955278168,1112
221,4.53892658105285,1119
222,4.184755984260843,1091
223,3.677173621375726,1111
224,2.666407705490637,1109
