ego_x,ego_y,ego_heading,lead_x,lead_y,lead_heading
45.97968383388662,-7.290502920888029,1.6099176552085106,44.87370314597949,4.597383388593692,1.604905045991741
