sample_ind,rho,sim_steps
85,3.0607774880779406,2970
86,-0.04177981302423284,377
