sample_ind,rho,sim_steps
35,4.124689382346153,673
36,3.6012455442921283,674
37,4.0344682864442,676
38,4.030180367537724,674
39,3.0609342450219863,680
